Race,Number
Hispanic - Population of one race!!White alone,"37,517,368"
Hispanic - Population of one race!!Black or African American alone,"1,292,058"
Hispanic - Population of one race!!American Indian and Alaska Native alone,"629,209"
Hispanic - Population of one race!!Asian alone,"164,616"
Hispanic - Population of one race!!Native Hawaiian and Other Pacific Islander alone,"54,295"
Hispanic - Population of one race!!Some Other Race alone,"18,126,711"
Hispanic - Two or More Races!!Population of two races!!White; Black or African American,"314,283"
Hispanic - Two or More Races!!Population of two races!!White; American Indian and Alaska Native,"245,419"
Hispanic - Two or More Races!!Population of two races!!White; Asian,"278,133"
Hispanic - Two or More Races!!Population of two races!!White; Native Hawaiian and Other Pacific Islander,"29,127"
Hispanic - Two or More Races!!Population of two races!!White; Some Other Race,"1,414,047"
Hispanic - Two or More Races!!Population of two races!!Black or African American; American Indian and Alaska Native,"46,164"
Hispanic - Two or More Races!!Population of two races!!Black or African American; Asian,"31,801"
Hispanic - Two or More Races!!Population of two races!!Black or African American; Native Hawaiian and Other Pacific Islander,"8,620"
Hispanic - Two or More Races!!Population of two races!!Black or African American; Some Other Race,"255,507"
Hispanic - Two or More Races!!Population of two races!!American Indian and Alaska Native; Asian,"10,080"
Hispanic - Two or More Races!!Population of two races!!American Indian and Alaska Native; Native Hawaiian and Other Pacific Islander,"1,891"
Hispanic - Two or More Races!!Population of two races!!American Indian and Alaska Native; Some Other Race,"94,018"
Hispanic - Two or More Races!!Population of two races!!Asian; Native Hawaiian and Other Pacific Islander,"28,390"
Hispanic - Two or More Races!!Population of two races!!Asian; Some Other Race,"190,439"
Hispanic - Two or More Races!!Population of two races!!Native Hawaiian and Other Pacific Islander; Some Other Race,"47,907"
Hispanic - Two or More Races!!Population of three races!!White; Black or African American; American Indian and Alaska Native,"39,555"
Hispanic - Two or More Races!!Population of three races!!White; Black or African American; Asian,"10,540"
Hispanic - Two or More Races!!Population of three races!!White; Black or African American; Native Hawaiian and Other Pacific Islander,"1,584"
Hispanic - Two or More Races!!Population of three races!!White; Black or African American; Some Other Race,"37,884"
Hispanic - Two or More Races!!Population of three races!!White; American Indian and Alaska Native; Asian,"7,875"
Hispanic - Two or More Races!!Population of three races!!White; American Indian and Alaska Native; Native Hawaiian and Other Pacific Islander,"1,483"
Hispanic - Two or More Races!!Population of three races!!White; American Indian and Alaska Native; Some Other Race,"25,131"
Hispanic - Two or More Races!!Population of three races!!White; Asian; Native Hawaiian and Other Pacific Islander,"24,524"
Hispanic - Two or More Races!!Population of three races!!White; Asian; Some Other Race,"29,067"
Hispanic - Two or More Races!!Population of three races!!White; Native Hawaiian and Other Pacific Islander; Some Other Race,"7,457"
Hispanic - Two or More Races!!Population of three races!!Black or African American; American Indian and Alaska Native; Asian,"1,621"
Hispanic - Two or More Races!!Population of three races!!Black or African American; American Indian and Alaska Native; Native Hawaiian and Other Pacific Islander,367
Hispanic - Two or More Races!!Population of three races!!Black or African American; American Indian and Alaska Native; Some Other Race,"6,690"
Hispanic - Two or More Races!!Population of three races!!Black or African American; Asian; Native Hawaiian and Other Pacific Islander,"1,250"
Hispanic - Two or More Races!!Population of three races!!Black or African American; Asian; Some Other Race,"6,597"
Hispanic - Two or More Races!!Population of three races!!Black or African American; Native Hawaiian and Other Pacific Islander; Some Other Race,"3,438"
Hispanic - Two or More Races!!Population of three races!!American Indian and Alaska Native; Asian; Native Hawaiian and Other Pacific Islander,656
Hispanic - Two or More Races!!Population of three races!!American Indian and Alaska Native; Asian; Some Other Race,"3,074"
Hispanic - Two or More Races!!Population of three races!!American Indian and Alaska Native; Native Hawaiian and Other Pacific Islander; Some Other Race,"1,624"
Hispanic - Two or More Races!!Population of three races!!Asian; Native Hawaiian and Other Pacific Islander; Some Other Race,"4,446"
Hispanic - Two or More Races!!Population of four races!!White; Black or African American; American Indian and Alaska Native; Asian,"3,259"
Hispanic - Two or More Races!!Population of four races!!White; Black or African American; American Indian and Alaska Native; Native Hawaiian and Other Pacific Islander,458
Hispanic - Two or More Races!!Population of four races!!White; Black or African American; American Indian and Alaska Native; Some Other Race,"7,113"
Hispanic - Two or More Races!!Population of four races!!White; Black or African American; Asian; Native Hawaiian and Other Pacific Islander,831
Hispanic - Two or More Races!!Population of four races!!White; Black or African American; Asian; Some Other Race,"1,966"
Hispanic - Two or More Races!!Population of four races!!White; Black or African American; Native Hawaiian and Other Pacific Islander; Some Other Race,454.8540696
Hispanic - Two or More Races!!Population of four races!!White; American Indian and Alaska Native; Asian; Native Hawaiian and Other Pacific Islander,"1,970"
Hispanic - Two or More Races!!Population of four races!!White; American Indian and Alaska Native; Asian; Some Other Race,"1,247"
Hispanic - Two or More Races!!Population of four races!!White; American Indian and Alaska Native; Native Hawaiian and Other Pacific Islander; Some Other Race,368.7566921
Hispanic - Two or More Races!!Population of four races!!White; Asian; Native Hawaiian and Other Pacific Islander; Some Other Race,"2,831"
Hispanic - Two or More Races!!Population of four races!!Black or African American; American Indian and Alaska Native; Asian; Native Hawaiian and Other Pacific Islander,173
Hispanic - Two or More Races!!Population of four races!!Black or African American; American Indian and Alaska Native; Asian; Some Other Race,437.797042
Hispanic - Two or More Races!!Population of four races!!Black or African American; American Indian and Alaska Native; Native Hawaiian and Other Pacific Islander; Some Other Race,172.1947549
Hispanic - Two or More Races!!Population of four races!!Black or African American; Asian; Native Hawaiian and Other Pacific Islander; Some Other Race,466.2254213
Hispanic - Two or More Races!!Population of four races!!American Indian and Alaska Native; Asian; Native Hawaiian and Other Pacific Islander; Some Other Race,230.6759924
Hispanic - Two or More Races!!Population of five races!!White; Black or African American; American Indian and Alaska Native; Asian; Native Hawaiian and Other Pacific Islander,"1,132"
Hispanic - Two or More Races!!Population of five races!!White; Black or African American; American Indian and Alaska Native; Asian; Some Other Race,831
Hispanic - Two or More Races!!Population of five races!!White; Black or African American; American Indian and Alaska Native; Native Hawaiian and Other Pacific Islander; Some Other Race,147.8275726
Hispanic - Two or More Races!!Population of five races!!White; Black or African American; Asian; Native Hawaiian and Other Pacific Islander; Some Other Race,217.6801619
Hispanic - Two or More Races!!Population of five races!!White; American Indian and Alaska Native; Asian; Native Hawaiian and Other Pacific Islander; Some Other Race,359.8220586
Hispanic - Two or More Races!!Population of five races!!Black or African American; American Indian and Alaska Native; Asian; Native Hawaiian and Other Pacific Islander; Some Other Race,79.59946218
Hispanic - Two or More Races!!Population of six races!!White; Black or African American; American Indian and Alaska Native; Asian; Native Hawaiian and Other Pacific Islander; Some Other Race,643.2936127
Not Hispanic - Population of one race!!White alone,"186,035,897"
Not Hispanic - Population of one race!!Black or African American alone,"37,637,261"
Not Hispanic - Population of one race!!American Indian and Alaska Native alone,"2,303,039"
Not Hispanic - Population of one race!!Asian alone,"14,509,636"
Not Hispanic - Population of one race!!Native Hawaiian and Other Pacific Islander alone,"485,718"
Not Hispanic - Population of one race!!Some Other Race alone,"980,657"
Not Hispanic - Two or More Races!!Population of two races!!White; Black or African American,"1,519,929"
Not Hispanic - Two or More Races!!Population of two races!!White; American Indian and Alaska Native,"1,186,890"
Not Hispanic - Two or More Races!!Population of two races!!White; Asian,"1,345,101"
Not Hispanic - Two or More Races!!Population of two races!!White; Native Hawaiian and Other Pacific Islander,"140,864"
Not Hispanic - Two or More Races!!Population of two races!!White; Some Other Race,"326,877"
Not Hispanic - Two or More Races!!Population of two races!!Black or African American; American Indian and Alaska Native,"223,257"
Not Hispanic - Two or More Races!!Population of two races!!Black or African American; Asian,"153,794"
Not Hispanic - Two or More Races!!Population of two races!!Black or African American; Native Hawaiian and Other Pacific Islander,"41,688"
Not Hispanic - Two or More Races!!Population of two races!!Black or African American; Some Other Race,"59,064"
Not Hispanic - Two or More Races!!Population of two races!!American Indian and Alaska Native; Asian,"48,749"
Not Hispanic - Two or More Races!!Population of two races!!American Indian and Alaska Native; Native Hawaiian and Other Pacific Islander,"9,148"
Not Hispanic - Two or More Races!!Population of two races!!American Indian and Alaska Native; Some Other Race,"21,734"
Not Hispanic - Two or More Races!!Population of two races!!Asian; Native Hawaiian and Other Pacific Islander,"137,300"
Not Hispanic - Two or More Races!!Population of two races!!Asian; Some Other Race,"44,023"
Not Hispanic - Two or More Races!!Population of two races!!Native Hawaiian and Other Pacific Islander; Some Other Race,"11,074"
Not Hispanic - Two or More Races!!Population of three races!!White; Black or African American; American Indian and Alaska Native,"191,293"
Not Hispanic - Two or More Races!!Population of three races!!White; Black or African American; Asian,"50,971"
Not Hispanic - Two or More Races!!Population of three races!!White; Black or African American; Native Hawaiian and Other Pacific Islander,"7,661"
Not Hispanic - Two or More Races!!Population of three races!!White; Black or African American; Some Other Race,"8,757"
Not Hispanic - Two or More Races!!Population of three races!!White; American Indian and Alaska Native; Asian,"38,085"
Not Hispanic - Two or More Races!!Population of three races!!White; American Indian and Alaska Native; Native Hawaiian and Other Pacific Islander,"7,173"
Not Hispanic - Two or More Races!!Population of three races!!White; American Indian and Alaska Native; Some Other Race,"5,810"
Not Hispanic - Two or More Races!!Population of three races!!White; Asian; Native Hawaiian and Other Pacific Islander,"118,602"
Not Hispanic - Two or More Races!!Population of three races!!White; Asian; Some Other Race,"6,719"
Not Hispanic - Two or More Races!!Population of three races!!White; Native Hawaiian and Other Pacific Islander; Some Other Race,"1,724"
Not Hispanic - Two or More Races!!Population of three races!!Black or African American; American Indian and Alaska Native; Asian,"7,839"
Not Hispanic - Two or More Races!!Population of three races!!Black or African American; American Indian and Alaska Native; Native Hawaiian and Other Pacific Islander,"1,775"
Not Hispanic - Two or More Races!!Population of three races!!Black or African American; American Indian and Alaska Native; Some Other Race,"1,546"
Not Hispanic - Two or More Races!!Population of three races!!Black or African American; Asian; Native Hawaiian and Other Pacific Islander,"6,045"
Not Hispanic - Two or More Races!!Population of three races!!Black or African American; Asian; Some Other Race,"1,525"
Not Hispanic - Two or More Races!!Population of three races!!Black or African American; Native Hawaiian and Other Pacific Islander; Some Other Race,795
Not Hispanic - Two or More Races!!Population of three races!!American Indian and Alaska Native; Asian; Native Hawaiian and Other Pacific Islander,"3,171"
Not Hispanic - Two or More Races!!Population of three races!!American Indian and Alaska Native; Asian; Some Other Race,711
Not Hispanic - Two or More Races!!Population of three races!!American Indian and Alaska Native; Native Hawaiian and Other Pacific Islander; Some Other Race,376
Not Hispanic - Two or More Races!!Population of three races!!Asian; Native Hawaiian and Other Pacific Islander; Some Other Race,"1,028"
Not Hispanic - Two or More Races!!Population of four races!!White; Black or African American; American Indian and Alaska Native; Asian,"15,759"
Not Hispanic - Two or More Races!!Population of four races!!White; Black or African American; American Indian and Alaska Native; Native Hawaiian and Other Pacific Islander,"2,215"
Not Hispanic - Two or More Races!!Population of four races!!White; Black or African American; American Indian and Alaska Native; Some Other Race,"1,644"
Not Hispanic - Two or More Races!!Population of four races!!White; Black or African American; Asian; Native Hawaiian and Other Pacific Islander,"4,021"
Not Hispanic - Two or More Races!!Population of four races!!White; Black or African American; Asian; Some Other Race,454
Not Hispanic - Two or More Races!!Population of four races!!White; Black or African American; Native Hawaiian and Other Pacific Islander; Some Other Race,105.1459304
Not Hispanic - Two or More Races!!Population of four races!!White; American Indian and Alaska Native; Asian; Native Hawaiian and Other Pacific Islander,"9,530"
Not Hispanic - Two or More Races!!Population of four races!!White; American Indian and Alaska Native; Asian; Some Other Race,288
Not Hispanic - Two or More Races!!Population of four races!!White; American Indian and Alaska Native; Native Hawaiian and Other Pacific Islander; Some Other Race,85.24330786
Not Hispanic - Two or More Races!!Population of four races!!White; Asian; Native Hawaiian and Other Pacific Islander; Some Other Race,655
Not Hispanic - Two or More Races!!Population of four races!!Black or African American; American Indian and Alaska Native; Asian; Native Hawaiian and Other Pacific Islander,838
Not Hispanic - Two or More Races!!Population of four races!!Black or African American; American Indian and Alaska Native; Asian; Some Other Race,101.202958
Not Hispanic - Two or More Races!!Population of four races!!Black or African American; American Indian and Alaska Native; Native Hawaiian and Other Pacific Islander; Some Other Race,39.80524508
Not Hispanic - Two or More Races!!Population of four races!!Black or African American; Asian; Native Hawaiian and Other Pacific Islander; Some Other Race,107.7745787
Not Hispanic - Two or More Races!!Population of four races!!American Indian and Alaska Native; Asian; Native Hawaiian and Other Pacific Islander; Some Other Race,53.32400756
Not Hispanic - Two or More Races!!Population of five races!!White; Black or African American; American Indian and Alaska Native; Asian; Native Hawaiian and Other Pacific Islander,"5,473"
Not Hispanic - Two or More Races!!Population of five races!!White; Black or African American; American Indian and Alaska Native; Asian; Some Other Race,192
Not Hispanic - Two or More Races!!Population of five races!!White; Black or African American; American Indian and Alaska Native; Native Hawaiian and Other Pacific Islander; Some Other Race,34.17242738
Not Hispanic - Two or More Races!!Population of five races!!White; Black or African American; Asian; Native Hawaiian and Other Pacific Islander; Some Other Race,50.31983812
Not Hispanic - Two or More Races!!Population of five races!!White; American Indian and Alaska Native; Asian; Native Hawaiian and Other Pacific Islander; Some Other Race,83.17794137
Not Hispanic - Two or More Races!!Population of five races!!Black or African American; American Indian and Alaska Native; Asian; Native Hawaiian and Other Pacific Islander; Some Other Race,18.40053782
Not Hispanic - Two or More Races!!Population of six races!!White; Black or African American; American Indian and Alaska Native; Asian; Native Hawaiian and Other Pacific Islander; Some Other Race,148.7063873
